<?xml version="1.0" encoding="UTF-8"?>
<window>
    <animation effect="fade" start="0" end="100" time="300">WindowOpen</animation>
    <animation effect="fade" end="0" start="100" time="300">WindowClose</animation>
    <onload>CancelAlarm(osd_timeout,true)</onload>
    <controls>
        <include content="Object_Control">
            <param name="control" value="image" />
            <texture colordiffuse="panel_bg">background/floor.png</texture>
        </include>
        <include content="Dialog_Background">
            <include content="Animation_SlideIn_Dialog">
                <param name="windowopen_delay">200</param>
            </include>
            <include content="Object_Height" condition="$EXP[Exp_VideoPlayerContentLiveTV]">
                <param name="height">680</param>
            </include>
            <height>410</height>
            <width>1080</width>
            <left>grid_x04</left>
            <bottom>160</bottom>
            <control type="image">
                <bottom>-16</bottom>
                <centerleft>63</centerleft>
                <height>16</height>
                <width>16</width>
                <texture colordiffuse="dialog_bg_100" flipy="true">arrows/arrow-menu-up.png</texture>
            </control>
            <include content="Object_MenuHeader">
                <param name="label">[CAPITALIZE]$LOCALIZE[10116][/CAPITALIZE]</param>
            </include>
            <control type="grouplist">
                <top>120</top>
                <left>grid_x04</left>
                <right>grid_x04</right>
                <itemgap>10</itemgap>
                <orientation>vertical</orientation>
                <control type="label">
                    <height>80</height>
                    <align>right</align>
                    <font>font_mini</font>
                    <textcolor>dialog_fg_70</textcolor>
                    <label>$INFO[PVR.ActStreamServiceName,[B]$LOCALIZE[19099][/B][CR]]</label>
                    <visible>$EXP[Exp_VideoPlayerContentLiveTV]</visible>
                </control>
                <control type="label">
                    <height>80</height>
                    <align>right</align>
                    <font>font_mini</font>
                    <textcolor>dialog_fg_70</textcolor>
                    <label>$INFO[PVR.ActStreamProviderName,[B]$LOCALIZE[19101][/B][CR]]</label>
                    <visible>$EXP[Exp_VideoPlayerContentLiveTV]</visible>
                </control>
                <control type="label">
                    <height>80</height>
                    <align>right</align>
                    <font>font_mini</font>
                    <textcolor>dialog_fg_70</textcolor>
                    <label>$INFO[PVR.ActStreamBer,[B]$LOCALIZE[19010][/B][CR]]</label>
                    <visible>$EXP[Exp_VideoPlayerContentLiveTV]</visible>
                </control>
                <control type="label">
                    <height>80</height>
                    <align>right</align>
                    <font>font_mini</font>
                    <textcolor>dialog_fg_70</textcolor>
                    <label>$INFO[PVR.ActStreamUnc,[B]$LOCALIZE[19011][/B][CR]]</label>
                    <visible>$EXP[Exp_VideoPlayerContentLiveTV]</visible>
                </control>
                <control type="label">
                    <height>80</height>
                    <align>right</align>
                    <font>font_mini</font>
                    <textcolor>dialog_fg_70</textcolor>
                    <label>$INFO[PVR.ActStreamMux,[B]$LOCALIZE[19100][/B][CR]]</label>
                    <visible>$EXP[Exp_VideoPlayerContentLiveTV]</visible>
                </control>
                <control type="label">
                    <height>80</height>
                    <align>right</align>
                    <font>font_mini</font>
                    <textcolor>dialog_fg_70</textcolor>
                    <label>$INFO[PVR.ActStreamStatus,[B]$LOCALIZE[19007][/B][CR]]</label>
                    <visible>$EXP[Exp_VideoPlayerContentLiveTV]</visible>
                </control>

                <control type="label">
                    <height>80</height>
                    <align>right</align>
                    <font>font_mini</font>
                    <textcolor>dialog_fg_70</textcolor>
                    <label>$INFO[Player.Process(videodecoder),[B]$LOCALIZE[31216][/B][CR]]$VAR[Label_VideoHWDecoder, (,)]</label>
                    <visible>!$EXP[Exp_VideoPlayerContentLiveTV]</visible>
                </control>
                <control type="label">
                    <height>80</height>
                    <align>right</align>
                    <font>font_mini</font>
                    <textcolor>dialog_fg_70</textcolor>
                    <label>$INFO[Player.Process(pixformat),[B]$LOCALIZE[31217][/B][CR]]</label>
                    <visible>!$EXP[Exp_VideoPlayerContentLiveTV]</visible>
                </control>
                <control type="label">
                    <height>80</height>
                    <align>right</align>
                    <font>font_mini</font>
                    <textcolor>dialog_fg_70</textcolor>
                    <label>$INFO[Player.Process(deintmethod),[B]$LOCALIZE[16038][/B][CR]]</label>
                    <visible>!$EXP[Exp_VideoPlayerContentLiveTV]</visible>
                </control>
            </control>
            <control type="grouplist">
                <top>120</top>
                <left>grid_x04</left>
                <right>grid_x04</right>
                <itemgap>10</itemgap>
                <orientation>vertical</orientation>
                <control type="label">
                    <height>80</height>
                    <align>left</align>
                    <font>font_mini</font>
                    <textcolor>dialog_fg_70</textcolor>
                    <label>$INFO[PVR.ActStreamDevice,[B]$LOCALIZE[19006][/B][CR]]</label>
                    <visible>$EXP[Exp_VideoPlayerContentLiveTV]</visible>
                </control>
                <control type="label">
                    <height>80</height>
                    <align>left</align>
                    <font>font_mini</font>
                    <textcolor>dialog_fg_70</textcolor>
                    <label>$INFO[PVR.ActStreamEncryptionName,[B]$LOCALIZE[19015][/B][CR]]</label>
                    <visible>$EXP[Exp_VideoPlayerContentLiveTV]</visible>
                </control>
                <control type="label">
                    <height>80</height>
                    <align>left</align>
                    <font>font_mini</font>
                    <textcolor>dialog_fg_70</textcolor>
                    <label>$INFO[PVR.ActStreamSignal,[B]$LOCALIZE[19008][/B][CR]]</label>
                    <visible>$EXP[Exp_VideoPlayerContentLiveTV]</visible>
                </control>
                <control type="group">
                    <height>40</height>
                    <control type="progress">
                        <top>0</top>
                        <width>400</width>
                        <height>18</height>
                        <info>PVR.ActStreamProgrSignal</info>
                    </control>
                    <visible>$EXP[Exp_VideoPlayerContentLiveTV]</visible>
                </control>
                <control type="label">
                    <height>80</height>
                    <align>left</align>
                    <font>font_mini</font>
                    <textcolor>dialog_fg_70</textcolor>
                    <label>$INFO[PVR.ActStreamSNR,[B]$LOCALIZE[19009][/B][CR]]</label>
                    <visible>$EXP[Exp_VideoPlayerContentLiveTV]</visible>
                </control>
                <control type="group">
                    <height>30</height>
                    <control type="progress">
                        <top>0</top>
                        <width>400</width>
                        <height>18</height>
                        <info>PVR.ActStreamProgrSNR</info>
                    </control>
                    <visible>$EXP[Exp_VideoPlayerContentLiveTV]</visible>
                </control>
                <control type="label">
                    <height>80</height>
                    <align>left</align>
                    <font>font_mini</font>
                    <textcolor>dialog_fg_70</textcolor>
                    <label>$INFO[PVR.ActStreamClient,[B]$LOCALIZE[19012][/B][CR]]</label>
                    <visible>$EXP[Exp_VideoPlayerContentLiveTV]</visible>
                </control>

                <control type="label">
                    <height>80</height>
                    <align>left</align>
                    <font>font_mini</font>
                    <textcolor>dialog_fg_70</textcolor>
                    <label>$INFO[Player.Process(videowidth),[B]$LOCALIZE[38031][/B][CR],x]$INFO[Player.Process(videoheight),, $LOCALIZE[31261]]$INFO[Player.Process(videodar),$COMMA , $LOCALIZE[31260]]$INFO[Player.Process(videofps),$COMMA , $LOCALIZE[31259]]</label>
                    <visible>!$EXP[Exp_VideoPlayerContentLiveTV]</visible>
                </control>
                <control type="label">
                    <height>80</height>
                    <align>left</align>
                    <font>font_mini</font>
                    <textcolor>dialog_fg_70</textcolor>
                    <label>[B]$LOCALIZE[460][/B][CR]$INFO[Player.Process(audiochannels),,$COMMA ]$INFO[Player.Process(audiodecoder)]$INFO[Player.Process(audiobitspersample),$COMMA , $LOCALIZE[31263]]$INFO[Player.Process(audiosamplerate),$COMMA , $LOCALIZE[31262]]</label>
                    <visible>!$EXP[Exp_VideoPlayerContentLiveTV]</visible>
                </control>
                <control type="label">
                    <height>80</height>
                    <align>left</align>
                    <font>font_mini</font>
                    <textcolor>dialog_fg_70</textcolor>
                    <label>$INFO[System.Memory(used.percent),[B]$LOCALIZE[31256][/B][CR]$LOCALIZE[31257]: ,  ]$INFO[System.CpuUsage,$LOCALIZE[31258]: ,]</label>
                    <visible>!$EXP[Exp_VideoPlayerContentLiveTV]</visible>
                </control>
            </control>
        </include>
        <control type="group">
            <height>40</height>
            <left>view_pad</left>
            <right>view_pad</right>
            <bottom>view_pad</bottom>
            <include content="OSD_Codecs">
                <centertop>50%</centertop>
            </include>
        </control>



    </controls>        
</window>
