<?xml version="1.0" encoding="UTF-8"?>
<window type="dialog" id="1143">
    <defaultcontrol always="true">9000</defaultcontrol>
    <onload>CancelAlarm(osd_timeout,true)</onload>
    <controls>

        <!-- Audio Tracks -->
        <include content="OSD_Stream_Selector">
            <param name="id" value="9000" />
            <param name="buttonid" value="Close" />
            <param name="stream_type" value="audio" />
            <param name="header" value="$LOCALIZE[292]" />
            <param name="nibpos" value="250" />
            <param name="method" value="set_player_audiostream" />
            <include>OSD_Stream_Selector_Loading</include>
            <visible>$EXP[Exp_WindowVisible_VideoOSD]</visible>
        </include>
    </controls>
</window>
