<?xml version="1.0" encoding="UTF-8"?>
<window type="dialog">
    <include>Animation_FadeIn</include>
    <include>Animation_FadeOut</include>
    <controls>

        <include content="Object_Control">
            <param name="control">group</param>
            <visible>!Window.IsVisible(seekbar)</visible>
            <visible>$EXP[Exp_WindowVisible_FullscreenVideo] | Window.IsVisible(visualisation)</visible>
            <include content="Object_ShadowSpot">
                <include>Dimension_ClockShadow</include>
                <visible>!$EXP[Exp_PlayerMuted]</visible>
            </include>
            <include content="Furniture_Topbar_Group">
                <include content="Furniture_Gutters">
                    <include content="Object_ShadowSpot">
                        <width>60</width>
                        <height>60</height>
                        <centertop>50%</centertop>
                        <centerright>30</centerright>
                        <visible>$EXP[Exp_PlayerMuted]</visible>
                    </include>
                </include>
            </include>
            <include content="Furniture_MenuButton">
                <param name="hasclock">false</param>
                <visible>$EXP[Exp_PlayerMuted]</visible>
            </include>
        </include>

        <include content="Furniture_Busy">
            <param name="hasspinner" value="false" />
            <param name="hasprogress" value="true" />
            <param name="progress" value="Control.GetLabel(933)" />
            <param name="progress_id" value="933" />
            <param name="icon" value="special://skin/extras/icons/volume.png" />
            <param name="mainlabel" value="$LOCALIZE[13376]$INFO[Control.GetLabel(933), ,%]" />
            <param name="minilabel" value="$INFO[Player.Volume]" />
            <visible>!$EXP[Exp_PlayerMuted]</visible>
        </include>

        <control type="label" id="31">
            <left>-2000</left>
            <width>100</width>
            <visible>False</visible>
        </control>

        <control type="progress" id="933">
            <left>-2000</left>
            <width>100</width>
            <height>1</height>
            <info>Player.Volume</info>
        </control>
    </controls>
</window>
