<?xml version="1.0" encoding="UTF-8"?>
<window>
    <defaultcontrol>1</defaultcontrol>
    <allowoverlay>no</allowoverlay>
    
    <!-- Android TV Optimizations -->
    <controls>
        <control type="group">
            <visible>System.Platform.Android</visible>
            
            <!-- Reduce texture memory -->
            <control type="image">
                <texture preload="true" atlas="true">common/background.jpg</texture>
                <aspectratio>scale</aspectratio>
            </control>
            
            <!-- Simplified animations -->
            <animation effect="fade" time="150">WindowOpen</animation>
            <animation effect="fade" time="150">WindowClose</animation>
        </control>
    </controls>
</window>
