<?xml version="1.0" encoding="UTF-8"?>
<includes>

    <include name="Background_ExtraFanart">
        <include content="Object_Control" condition="$EXP[Exp_SkinSetting_BackgroundExtraFanart]">
            <param name="control">fadelabel</param>
            <param name="id">99998</param>
            <description>Randomizer for plugin-free multiple fanart</description>
            <font>font_tiny</font>
            <height>1</height>
            <width>1</width>
            <top>-1000</top>
            <info>ListItem.Art(fanart)</info>
            <info>ListItem.Art(fanart1)</info>
            <info>ListItem.Art(fanart2)</info>
            <info>ListItem.Art(fanart3)</info>
            <info>ListItem.Art(fanart4)</info>
            <info>ListItem.Art(fanart5)</info>
            <info>ListItem.Art(fanart6)</info>
            <info>ListItem.Art(fanart7)</info>
            <info>ListItem.Art(fanart8)</info>
            <info>ListItem.Art(fanart9)</info>
            <info>ListItem.Art(tvshow.fanart)</info>
            <info>ListItem.Art(tvshow.fanart1)</info>
            <info>ListItem.Art(tvshow.fanart2)</info>
            <info>ListItem.Art(tvshow.fanart3)</info>
            <info>ListItem.Art(tvshow.fanart4)</info>
            <info>ListItem.Art(tvshow.fanart5)</info>
            <info>ListItem.Art(tvshow.fanart6)</info>
            <info>ListItem.Art(tvshow.fanart7)</info>
            <info>ListItem.Art(tvshow.fanart8)</info>
            <info>ListItem.Art(tvshow.fanart9)</info>
            <randomize>true</randomize>
            <include>Defs_PauseAtEnd</include>
            <scroll>false</scroll>
            <scrollout>false</scrollout>
            <resetonlabelchange>true</resetonlabelchange>
            <visible>$EXP[Exp_HasExtraFanart]</visible>
        </include>
    </include>

    <include name="Background_BusyLoader">
        <control type="group">
            <visible>$EXP[Exp_WindowVisible_DialogBusy] | [[Window.IsVisible(1190) | Window.IsVisible(1191)] + !$EXP[Exp_InfoDialogs]]</visible>
            <animation effect="fade" start="0" end="100" time="5000" tween="cubic" easing="inout" reversible="true">Visible</animation>
            <animation effect="fade" start="100" end="0" time="1000" tween="cubic" easing="inout" reversible="true">Hidden</animation>
            <include content="Background_Image">
                <param name="texture" value="$VAR[Image_SimpleBackground]" />
            </include>
            <control type="multiimage">
                <timeperimage>50</timeperimage>
                <aspectratio align="center" aligny="center">stretch</aspectratio>
                <fadetime>10</fadetime>
                <colordiffuse>55ffffff</colordiffuse>
                <imagepath>resource://resource.images.arctic.waves/</imagepath>
                <randomize>false</randomize>
            </control>
        </control>
    </include>

    <include name="Background_FlixArt">
        <param name="flixart_size_w">flixart_size_w</param>
        <param name="flixart_size_h">flixart_size_h</param>
        <definition>
            <control type="group">
                <animation effect="fade" start="0" end="100" time="1000">Visible</animation>
                <animation effect="fade" start="100" end="0" time="150">Hidden</animation>
                <include content="Object_Control">
                    <param name="control" value="image" />
                    <fadetime>400</fadetime>
                    <right>0</right>
                    <top>0</top>
                    <height>$PARAM[flixart_size_h]</height>
                    <width>$PARAM[flixart_size_w]</width>
                    <aspectratio scalediffuse="true">scale</aspectratio>

                    <include content="Object_Texture" condition="$EXP[Exp_BackgroundStyle_BlurOrImage]">
                        <param name="texture">$VAR[Image_Foreground_FlixArt]</param>
                        <param name="background">true</param>
                        <param name="diffuse">diffuse/flixart_hard.png</param>
                    </include>

                    <include content="Object_Texture" condition="[$EXP[Exp_ForegroundStyle_KeyArt] | $EXP[Exp_ForegroundStyle_FlixArt]]">
                        <param name="texture">$VAR[Image_Foreground_FlixArt]</param>
                        <param name="background">true</param>
                        <param name="diffuse">diffuse/flixart_soft.png</param>
                    </include>
                </include>
            </control>
        </definition>
    </include>

    <include name="Background_KeyArt">
        <include content="Object_Control">
            <param name="control" value="image" />
            <right>0</right>
            <width>50%</width>
            <fadetime>400</fadetime>
            <aspectratio scalediffuse="false" aligny="top">scale</aspectratio>

            <include content="Object_Texture" condition="$EXP[Exp_BackgroundStyle_BlurOrImage]">
                <param name="texture">$VAR[Image_Foreground_FlixArt]</param>
                <param name="background">true</param>
                <param name="diffuse">diffuse/flixart_hard.png</param>
            </include>

            <include content="Object_Texture" condition="!$EXP[Exp_BackgroundStyle_BlurOrImage]">
                <param name="texture">$VAR[Image_Foreground_FlixArt]</param>
                <param name="background">true</param>
                <param name="diffuse">diffuse/flixart_soft.png</param>
            </include>
        </include>
    </include>

    <include name="Background_Blur">
        <param name="flixart_size_w">flixart_size_w</param>
        <param name="flixart_size_h">flixart_size_h</param>
        <definition>
            <control type="group">
                <include>Background_NotVideo</include>

                <!-- Standard Blur -->
                <include content="Object_Control" condition="!$EXP[Exp_ForegroundStyle_FlixArt] + !$EXP[Exp_ForegroundStyle_KeyArt]">
                    <param name="control" value="image" />
                    <fadetime>600</fadetime>
                    <texture background="true">$INFO[Container(99950).ListItem.Art(blurimage)]</texture>
                </include>

                <!-- KeyArt (Offset Blur) -->
                <include content="Object_Control" condition="$EXP[Exp_ForegroundStyle_KeyArt]" >
                    <param name="control" value="group" />
                    <control type="image">
                        <right>75%</right>
                        <fadetime>600</fadetime>
                        <width>100%</width>
                        <texture background="true" flipx="true">$VAR[Image_Background_Blur]</texture>
                    </control>
                    <control type="image">
                        <left>25%</left>
                        <fadetime>600</fadetime>
                        <width>100%</width>
                        <texture background="true">$VAR[Image_Background_Blur]</texture>
                    </control>
                </include>

                <!-- FlixArt (Quadrant Blur) -->
                <include content="Object_Control" condition="$EXP[Exp_ForegroundStyle_FlixArt]" >
                    <param name="control" value="group" />

                    <!-- Left -->
                    <control type="group">
                        <right>$PARAM[flixart_size_w]</right>
                        <width>150%</width>
                        <!-- Top  -->
                        <control type="image">
                            <fadetime>600</fadetime>
                            <height>$PARAM[flixart_size_h]</height>
                            <texture background="true" flipx="true" flipy="false">$VAR[Image_Background_Blur]</texture>
                        </control>
                        <!-- Bottom -->
                        <control type="image">
                            <fadetime>600</fadetime>
                            <height>$PARAM[flixart_size_h]</height>
                            <top>$PARAM[flixart_size_h]</top>
                            <texture background="true" flipx="true" flipy="true">$VAR[Image_Background_Blur]</texture>
                        </control>
                    </control>

                    <!-- Right -->
                    <control type="group">
                        <right>0</right>
                        <width>$PARAM[flixart_size_w]</width>
                        <!-- Top  -->
                        <control type="image">
                            <fadetime>600</fadetime>
                            <height>$PARAM[flixart_size_h]</height>
                            <texture background="true" flipx="false" flipy="false">$VAR[Image_Background_Blur]</texture>
                        </control>
                        <!-- Bottom -->
                        <control type="image">
                            <fadetime>600</fadetime>
                            <height>$PARAM[flixart_size_h]</height>
                            <top>$PARAM[flixart_size_h]</top>
                            <texture background="true" flipx="false" flipy="true">$VAR[Image_Background_Blur]</texture>
                        </control>
                    </control>

                </include>
            </control>
        </definition>
    </include>



    <include name="Background_StartUp">
        <include content="Object_Control">
            <param name="control">multiimage</param>
            <imagepath colordiffuse="main_back">$VAR[Image_StartUp]</imagepath>
            <randomize>true</randomize>
            <timeperimage>20000</timeperimage>
            <fadetime>600</fadetime>
        </include>
    </include>

    <include name="Background_Fanart">
        <control type="image">
            <fadetime>600</fadetime>
            <aspectratio>scale</aspectratio>
            <texture background="true">$VAR[Image_Background_Fanart]</texture>
            <include>Background_NotVideo</include>
        </control>
    </include>

    <include name="Background_Image">
        <param name="texture" default="$VAR[Image_SimpleBackground]" />
        <param name="colordiffuse">main_flix</param>
        <definition>
            <control type="image">
                <aspectratio>scale</aspectratio>
                <texture background="true" colordiffuse="$PARAM[colordiffuse]">$PARAM[texture]</texture>
                <include>Background_NotVideo</include>
            </control>
        </definition>
    </include>

    <include name="Background_Stretch">
        <param name="texture" default="$VAR[Image_Background_Stretch]" />
        <definition>
            <control type="image">
                <width>384000</width>
                <height>216000</height>
                <right>-3840</right>
                <top>-2160</top>
                <fadetime>600</fadetime>
                <texture background="true" flipx="true">$PARAM[texture]</texture>
                <include>Background_NotVideo</include>
            </control>
        </definition>
    </include>

    <include name="Background_None">
        <include condition="![$EXP[Exp_ForegroundStyle_KeyArt] | $EXP[Exp_ForegroundStyle_FlixArt]]">Background_Image</include>
        <include condition="[$EXP[Exp_ForegroundStyle_KeyArt] | $EXP[Exp_ForegroundStyle_FlixArt]]" content="Background_Image">
            <param name="texture">background/bg.jpg</param>
            <param name="colordiffuse">$VAR[Background_Main_ColorDiffuse]</param>
        </include>
    </include>

    <include name="Background_NotVideo">
        <param name="fade_end" default="0" />
        <definition>
            <visible>!$EXP[Exp_HasBackgroundVideo]</visible>
            <animation effect="fade" start="100" end="0" time="400" tween="sine" easing="out" reversible="false">Hidden</animation>
            <animation effect="fade" start="0" end="100" time="400" tween="sine" easing="out" reversible="false">Visible</animation>
        </definition>
    </include>

    <include name="Background_Video">
        <include content="Object_Control" condition="!Skin.HasSetting(UseBackgroundVideo)">
            <param name="control" value="videowindow" />
            <description>Off-screen videowindow for background video</description>
            <top>-2160</top>
            <width>1920</width>
            <height>1080</height>
        </include>
        <include content="Object_Control" condition="Skin.HasSetting(UseBackgroundVideo)">
            <param name="control" value="videowindow" />
            <description>On-screen videowindow for background video</description>
        </include>
    </include>

    <include name="Background_ForegroundArtwork">
        <include content="Object_Control" condition="$EXP[Exp_ForegroundStyle_KeyArt]">
            <param name="control">group</param>
            <include>Background_NotVideo</include>
            <include content="View_Visibility_Common">
                <param name="animation_include">Animation_Foreground_Visible_FadeInOut</param>
                <param name="visible_infodialogs">true</param>
                <param name="visible_widgets">true</param>
            </include>
            <include>Background_KeyArt</include>
        </include>
        <include content="Object_Control" condition="$EXP[Exp_ForegroundStyle_FlixArt]">
            <param name="control">group</param>
            <include>Background_NotVideo</include>
            <include content="View_Visibility_Common">
                <param name="animation_include">Animation_Foreground_Visible_FadeInOut</param>
                <param name="visible_infodialogs">true</param>
                <param name="visible_widgets">true</param>
            </include>
            <include>Background_FlixArt</include>
        </include>
    </include>

    <variable name="Background_Main_ColorDiffuse">
        <value condition="Skin.HasSetting(UseBackgroundVideo) + $EXP[Exp_PlayerHasVideo]">black</value>
        <value>main_bg_100</value>
    </variable>
    <include name="Background_Main">
        <param name="plain_background">false</param>
        <definition>
            <include>Background_Video</include>
            <include content="Object_Control" condition="$PARAM[plain_background]">
                <param name="control" value="group" />
                <description>Plain background used to prevent fadetime transitions</description>
                <include>Animation_Background_FadeInOut</include>
                <include>Background_Image</include>
            </include>
            <include content="Object_Control" condition="!$PARAM[plain_background]">
                <param name="control" value="group" />
                <include>Animation_Background_FadeInOut</include>
                <include condition="$EXP[Exp_BackgroundStyle_None]">Background_None</include>
                <include condition="$EXP[Exp_BackgroundStyle_Image]">Background_Stretch</include>
                <include condition="$EXP[Exp_BackgroundStyle_Fanart]">Background_Fanart</include>
                <include condition="$EXP[Exp_BackgroundStyle_Blur]">Background_Blur</include>
                <include condition="!$EXP[Exp_BackgroundStyle_Fanart]">Background_ForegroundArtwork</include>
                <include condition="System.HasAddon(resource.images.arctic.waves)">Background_BusyLoader</include>
                <nested />
            </include>
            <control type="image">
                <texture colordiffuse="$VAR[Background_Main_ColorDiffuse]">$VAR[Image_Background_Floor]</texture>
                <include>Animation_Background_FadeInOut</include>
            </control>
        </definition>
    </include>

</includes>
