<?xml version="1.0" encoding="UTF-8" standalone="yes"?>
<addon id="repository.ah2.1" name="Arctic Horizon 2.1 Repository" version="0.0.2" provider-name="DeFiNiek">
    <extension point="xbmc.addon.repository" name="Arctic Horizon 2.1 Repository">
        <dir>
            <info compressed="false">https://raw.githubusercontent.com/DeFiNiek/ah2.1/main/repo/zips/addons.xml</info>
            <checksum>https://raw.githubusercontent.com/DeFiNiek/ah2.1/main/repo/zips/addons.xml.md5</checksum>
            <datadir zip="true">https://raw.githubusercontent.com/DeFiNiek/ah2.1/main/repo/zips/</datadir>
        </dir>
        <dir minversion="19.9.1" maxversion="20.9.0">
            <info compressed="false">https://raw.githubusercontent.com/DeFiNiek/ah2.1/main/nexusrepo/zips/addons.xml</info>
            <checksum>https://raw.githubusercontent.com/DeFiNiek/ah2.1/main/nexusrepo/zips/addons.xml.md5</checksum>
            <datadir zip="true">https://raw.githubusercontent.com/DeFiNiek/ah2.1/main/nexusrepo/zips/</datadir>
        </dir>
        <dir minversion="20.9.1">
            <info compressed="false">https://raw.githubusercontent.com/DeFiNiek/ah2.1/main/omega/zips/addons.xml</info>
            <checksum>https://raw.githubusercontent.com/DeFiNiek/ah2.1/main/omega/zips/addons.xml.md5</checksum>
            <datadir zip="true">https://raw.githubusercontent.com/DeFiNiek/ah2.1/main/omega/zips/</datadir>
        </dir>
    </extension>
    <extension point="xbmc.addon.metadata">
        <summary>Arctic Horizon 2.1 Repository</summary>
        <description>A repository for releases of the continued Arctic Horizon 2 skin of Jurial Munkey.</description>
        <disclaimer>All credits to the development of the skin go to Jurial Munkey, DeFiNiek just optimizes and maintains the continued skin.</disclaimer>
        <platform>all</platform>
        <assets>
            <icon>icon.png</icon>
        </assets>
    </extension>
</addon>